,city,latitude,longitude,day,date,temp_day,temp_night,feels_like_day,feels_like_night,clouds,wind_speed,humidity
0,Mont Saint Michel,48.636,-1.5115,0,27/01/2022,10.53,9.34,9.73,8.49,89,4.21,80
1,Mont Saint Michel,48.636,-1.5115,1,28/01/2022,10.42,7.99,9.55,6.87,73,2.32,78
2,Mont Saint Michel,48.636,-1.5115,2,29/01/2022,11.73,9.08,11.07,6.91,43,6.38,81
3,Mont Saint Michel,48.636,-1.5115,3,30/01/2022,8.53,4.8,7.39,4.8,100,3.64,68
4,Mont Saint Michel,48.636,-1.5115,4,31/01/2022,7.67,4.43,3.63,1.95,100,9.06,73
5,Mont Saint Michel,48.636,-1.5115,5,01/02/2022,10.51,9.85,9.76,7.27,71,7.9,82
6,Mont Saint Michel,48.636,-1.5115,6,02/02/2022,11.86,7.63,11.22,5.47,88,5.4,81
7,Mont Saint Michel,48.636,-1.5115,7,03/02/2022,9.88,9.91,7.09,6.91,94,7.9,84
8,St Malo,48.6495,-2.026,0,27/01/2022,10.39,9.7,9.5,8.03,92,6.0,77
9,St Malo,48.6495,-2.026,1,28/01/2022,10.42,8.95,9.58,6.98,73,3.47,79
10,St Malo,48.6495,-2.026,2,29/01/2022,11.3,9.02,10.63,6.57,61,7.02,82
11,St Malo,48.6495,-2.026,3,30/01/2022,7.78,6.26,5.95,5.27,100,5.15,73
12,St Malo,48.6495,-2.026,4,31/01/2022,8.31,7.37,3.98,4.22,94,10.86,71
13,St Malo,48.6495,-2.026,5,01/02/2022,10.31,10.15,9.56,9.54,53,9.25,83
14,St Malo,48.6495,-2.026,6,02/02/2022,11.08,8.18,10.38,5.67,96,6.21,82
15,St Malo,48.6495,-2.026,7,03/02/2022,10.5,9.95,9.72,6.75,92,8.76,81
16,Bayeux,49.2765,-0.7025,0,27/01/2022,9.11,9.32,5.71,7.96,91,7.3,83
17,Bayeux,49.2765,-0.7025,1,28/01/2022,10.11,6.27,8.95,3.28,94,4.27,68
18,Bayeux,49.2765,-0.7025,2,29/01/2022,12.54,9.84,12.04,7.81,54,7.84,84
19,Bayeux,49.2765,-0.7025,3,30/01/2022,7.43,3.37,5.95,2.29,83,4.54,69
20,Bayeux,49.2765,-0.7025,4,31/01/2022,6.56,5.34,1.83,2.58,98,9.3,80
21,Bayeux,49.2765,-0.7025,5,01/02/2022,11.18,9.09,10.49,5.7,81,8.8,82
22,Bayeux,49.2765,-0.7025,6,02/02/2022,12.38,7.29,11.58,5.05,100,6.52,73
23,Bayeux,49.2765,-0.7025,7,03/02/2022,9.44,9.3,6.15,5.59,94,8.67,80
24,Le Havre,49.4939,0.108,0,27/01/2022,8.55,8.71,5.04,6.6,96,7.57,85
25,Le Havre,49.4939,0.108,1,28/01/2022,8.04,7.56,6.53,4.61,100,4.83,81
26,Le Havre,49.4939,0.108,2,29/01/2022,9.97,9.85,6.99,7.27,89,7.33,92
27,Le Havre,49.4939,0.108,3,30/01/2022,6.79,5.56,6.18,5.56,34,6.33,69
28,Le Havre,49.4939,0.108,4,31/01/2022,6.76,6.75,1.77,4.1,100,10.63,87
29,Le Havre,49.4939,0.108,5,01/02/2022,9.62,9.67,6.1,6.32,89,9.05,86
30,Le Havre,49.4939,0.108,6,02/02/2022,10.12,8.73,9.46,6.81,100,7.39,87
31,Le Havre,49.4939,0.108,7,03/02/2022,9.17,9.7,6.44,5.85,93,9.85,81
32,Rouen,49.4405,1.094,0,27/01/2022,8.89,6.18,5.82,4.27,92,6.04,81
33,Rouen,49.4405,1.094,1,28/01/2022,8.7,4.69,7.75,2.44,93,2.81,74
34,Rouen,49.4405,1.094,2,29/01/2022,10.84,9.83,10.3,7.45,98,6.77,89
35,Rouen,49.4405,1.094,3,30/01/2022,7.13,3.47,5.99,3.47,28,4.88,68
36,Rouen,49.4405,1.094,4,31/01/2022,6.27,3.1,2.61,0.75,100,7.89,93
37,Rouen,49.4405,1.094,5,01/02/2022,10.62,10.04,9.9,9.55,94,8.28,83
38,Rouen,49.4405,1.094,6,02/02/2022,11.62,7.52,10.95,6.17,97,6.57,81
39,Rouen,49.4405,1.094,7,03/02/2022,10.39,10.24,9.42,9.51,99,8.17,74
40,Paris,48.8589,2.32,0,27/01/2022,6.29,7.37,3.45,6.11,94,4.05,81
41,Paris,48.8589,2.32,1,28/01/2022,7.97,5.38,7.97,3.67,66,2.14,70
42,Paris,48.8589,2.32,2,29/01/2022,9.85,9.58,7.99,7.85,85,4.25,88
43,Paris,48.8589,2.32,3,30/01/2022,7.35,4.99,6.12,4.99,49,3.71,64
44,Paris,48.8589,2.32,4,31/01/2022,6.25,4.79,3.58,1.73,97,5.04,80
45,Paris,48.8589,2.32,5,01/02/2022,7.92,10.08,5.3,9.49,100,5.62,81
46,Paris,48.8589,2.32,6,02/02/2022,10.81,8.29,10.09,7.34,100,4.36,82
47,Paris,48.8589,2.32,7,03/02/2022,10.11,9.96,8.87,6.99,94,6.66,65
48,Amiens,49.8942,2.2957,0,27/01/2022,8.25,5.18,4.75,2.85,95,6.85,87
49,Amiens,49.8942,2.2957,1,28/01/2022,8.6,4.21,7.23,1.16,59,3.56,74
50,Amiens,49.8942,2.2957,2,29/01/2022,11.21,10.15,10.58,9.52,99,8.43,84
51,Amiens,49.8942,2.2957,3,30/01/2022,6.88,3.63,5.62,3.63,20,5.82,70
52,Amiens,49.8942,2.2957,4,31/01/2022,5.62,4.86,2.68,2.11,100,7.26,91
53,Amiens,49.8942,2.2957,5,01/02/2022,10.04,10.07,9.32,9.51,98,8.78,85
54,Amiens,49.8942,2.2957,6,02/02/2022,12.12,6.94,11.42,4.71,100,6.6,78
55,Amiens,49.8942,2.2957,7,03/02/2022,9.91,9.47,7.22,5.94,98,8.18,75
56,Lille,50.6366,3.0635,0,27/01/2022,8.76,5.14,5.39,2.4,100,7.34,85
57,Lille,50.6366,3.0635,1,28/01/2022,7.97,5.47,6.11,2.08,57,4.67,76
58,Lille,50.6366,3.0635,2,29/01/2022,11.37,8.39,10.65,5.09,100,7.55,80
59,Lille,50.6366,3.0635,3,30/01/2022,7.26,3.44,5.71,3.44,12,5.52,63
60,Lille,50.6366,3.0635,4,31/01/2022,5.97,5.02,3.26,2.66,100,7.04,91
61,Lille,50.6366,3.0635,5,01/02/2022,9.58,9.57,6.14,6.5,100,7.93,85
62,Lille,50.6366,3.0635,6,02/02/2022,12.12,7.79,11.22,5.14,57,6.46,70
63,Lille,50.6366,3.0635,7,03/02/2022,9.73,8.97,7.08,5.41,95,7.71,73
64,Strasbourg,48.5846,7.7507,0,27/01/2022,1.19,2.68,-1.76,-0.78,98,4.12,76
65,Strasbourg,48.5846,7.7507,1,28/01/2022,6.07,2.67,3.53,1.07,22,3.39,64
66,Strasbourg,48.5846,7.7507,2,29/01/2022,4.15,6.11,0.64,2.98,99,4.77,66
67,Strasbourg,48.5846,7.7507,3,30/01/2022,7.28,2.5,5.83,0.67,56,4.62,61
68,Strasbourg,48.5846,7.7507,4,31/01/2022,4.18,3.16,2.6,1.25,100,2.13,66
69,Strasbourg,48.5846,7.7507,5,01/02/2022,4.39,4.94,0.6,1.1,89,6.29,73
70,Strasbourg,48.5846,7.7507,6,02/02/2022,9.43,7.3,7.02,4.65,100,5.52,74
71,Strasbourg,48.5846,7.7507,7,03/02/2022,9.17,8.47,8.18,5.5,75,5.45,70
72,Chateau du Haut Koenigsbourg,48.2495,7.3443,0,27/01/2022,-2.34,-0.02,-2.34,-2.29,100,2.2,81
73,Chateau du Haut Koenigsbourg,48.2495,7.3443,1,28/01/2022,3.07,-0.87,1.5,-0.87,55,1.81,61
74,Chateau du Haut Koenigsbourg,48.2495,7.3443,2,29/01/2022,4.49,2.92,2.23,0.92,94,2.58,60
75,Chateau du Haut Koenigsbourg,48.2495,7.3443,3,30/01/2022,3.31,-1.1,1.78,-1.1,99,2.2,83
76,Chateau du Haut Koenigsbourg,48.2495,7.3443,4,31/01/2022,2.2,-0.18,2.2,-0.18,100,2.04,64
77,Chateau du Haut Koenigsbourg,48.2495,7.3443,5,01/02/2022,1.08,1.76,-1.56,-1.3,97,3.21,78
78,Chateau du Haut Koenigsbourg,48.2495,7.3443,6,02/02/2022,4.42,4.03,2.39,2.22,100,3.28,91
79,Chateau du Haut Koenigsbourg,48.2495,7.3443,7,03/02/2022,7.75,5.54,6.72,2.05,91,4.91,68
80,Colmar,48.0778,7.358,0,27/01/2022,0.48,3.2,0.48,1.74,100,2.1,81
81,Colmar,48.0778,7.358,1,28/01/2022,6.44,2.26,6.44,2.26,36,1.69,62
82,Colmar,48.0778,7.358,2,29/01/2022,7.69,6.04,5.84,4.18,85,2.94,56
83,Colmar,48.0778,7.358,3,30/01/2022,6.5,2.1,4.41,0.03,97,2.86,84
84,Colmar,48.0778,7.358,4,31/01/2022,5.59,2.36,5.59,2.36,100,1.58,64
85,Colmar,48.0778,7.358,5,01/02/2022,5.12,4.45,2.84,1.38,95,4.1,68
86,Colmar,48.0778,7.358,6,02/02/2022,7.22,6.76,5.07,5.54,100,3.81,89
87,Colmar,48.0778,7.358,7,03/02/2022,10.51,9.07,9.39,6.3,94,5.32,68
88,Eguisheim,48.0448,7.308,0,27/01/2022,0.7,3.5,0.7,3.5,100,1.83,81
89,Eguisheim,48.0448,7.308,1,28/01/2022,6.63,2.32,6.63,2.32,32,1.62,61
90,Eguisheim,48.0448,7.308,2,29/01/2022,8.25,6.15,7.01,4.62,82,2.47,54
91,Eguisheim,48.0448,7.308,3,30/01/2022,6.63,2.2,4.62,0.21,97,2.78,87
92,Eguisheim,48.0448,7.308,4,31/01/2022,5.88,2.23,5.88,2.23,100,1.68,62
93,Eguisheim,48.0448,7.308,5,01/02/2022,5.22,4.45,3.24,1.57,96,3.59,67
94,Eguisheim,48.0448,7.308,6,02/02/2022,7.13,6.76,5.15,5.71,100,3.48,90
95,Eguisheim,48.0448,7.308,7,03/02/2022,10.62,9.12,9.51,6.36,96,5.34,68
96,Besancon,47.238,6.0244,0,27/01/2022,0.58,1.99,0.58,1.99,98,1.83,62
97,Besancon,47.238,6.0244,1,28/01/2022,6.8,0.32,5.66,-1.33,88,2.5,68
98,Besancon,47.238,6.0244,2,29/01/2022,6.25,4.93,5.02,3.28,18,2.46,58
99,Besancon,47.238,6.0244,3,30/01/2022,7.07,2.28,5.18,0.02,100,2.92,92
100,Besancon,47.238,6.0244,4,31/01/2022,4.55,3.04,2.17,3.04,100,2.73,78
101,Besancon,47.238,6.0244,5,01/02/2022,3.7,3.68,2.07,-0.19,93,4.76,81
102,Besancon,47.238,6.0244,6,02/02/2022,6.56,6.69,4.48,6.69,100,4.47,96
103,Besancon,47.238,6.0244,7,03/02/2022,9.34,8.36,7.94,5.1,94,6.17,75
104,Dijon,47.3216,5.0415,0,27/01/2022,-0.1,2.62,-0.1,2.62,78,1.73,76
105,Dijon,47.3216,5.0415,1,28/01/2022,7.01,1.23,5.67,-0.83,95,2.37,66
106,Dijon,47.3216,5.0415,2,29/01/2022,6.77,5.68,5.5,4.46,19,2.29,68
107,Dijon,47.3216,5.0415,3,30/01/2022,7.68,1.92,5.33,-1.22,98,3.67,84
108,Dijon,47.3216,5.0415,4,31/01/2022,5.86,3.45,3.89,0.97,97,4.56,65
109,Dijon,47.3216,5.0415,5,01/02/2022,3.29,4.77,1.32,1.73,88,4.49,80
110,Dijon,47.3216,5.0415,6,02/02/2022,7.9,7.13,6.56,7.13,100,3.75,93
111,Dijon,47.3216,5.0415,7,03/02/2022,8.17,8.16,5.36,4.98,99,5.8,79
112,Annecy,45.8992,6.1289,0,27/01/2022,3.43,0.02,3.43,0.02,68,1.31,79
113,Annecy,45.8992,6.1289,1,28/01/2022,7.23,0.14,5.15,0.14,19,3.55,74
114,Annecy,45.8992,6.1289,2,29/01/2022,6.3,1.07,6.3,1.07,10,1.38,58
115,Annecy,45.8992,6.1289,3,30/01/2022,9.1,4.8,7.84,4.8,61,2.38,73
116,Annecy,45.8992,6.1289,4,31/01/2022,5.54,1.96,5.54,0.51,100,1.48,76
117,Annecy,45.8992,6.1289,5,01/02/2022,6.41,4.1,4.42,4.1,64,2.7,65
118,Annecy,45.8992,6.1289,6,02/02/2022,10.12,5.01,9.3,4.09,91,2.17,81
119,Annecy,45.8992,6.1289,7,03/02/2022,12.71,7.0,11.42,5.82,57,2.19,53
120,Grenoble,45.1876,5.7358,0,27/01/2022,7.7,0.64,6.92,0.64,14,1.74,54
121,Grenoble,45.1876,5.7358,1,28/01/2022,8.06,1.8,5.97,0.3,15,4.0,65
122,Grenoble,45.1876,5.7358,2,29/01/2022,7.57,2.22,6.57,0.82,20,2.56,58
123,Grenoble,45.1876,5.7358,3,30/01/2022,9.82,5.92,8.43,5.92,37,2.78,68
124,Grenoble,45.1876,5.7358,4,31/01/2022,5.99,2.54,4.16,-0.01,100,2.74,83
125,Grenoble,45.1876,5.7358,5,01/02/2022,6.98,4.78,4.3,2.67,84,3.98,69
126,Grenoble,45.1876,5.7358,6,02/02/2022,10.01,6.68,9.39,5.32,94,3.57,89
127,Grenoble,45.1876,5.7358,7,03/02/2022,16.13,8.2,15.1,8.2,29,2.25,50
128,Lyon,45.7578,4.832,0,27/01/2022,0.95,1.15,0.95,-0.2,63,2.06,74
129,Lyon,45.7578,4.832,1,28/01/2022,7.56,2.64,4.54,-0.01,77,5.37,68
130,Lyon,45.7578,4.832,2,29/01/2022,6.14,5.99,6.14,5.99,10,2.29,61
131,Lyon,45.7578,4.832,3,30/01/2022,8.88,6.76,6.89,5.0,100,4.45,84
132,Lyon,45.7578,4.832,4,31/01/2022,6.98,4.17,4.54,1.31,92,3.99,62
133,Lyon,45.7578,4.832,5,01/02/2022,6.48,4.96,3.21,4.96,79,4.94,62
134,Lyon,45.7578,4.832,6,02/02/2022,8.29,5.87,6.78,4.44,100,3.57,86
135,Lyon,45.7578,4.832,7,03/02/2022,11.34,9.53,10.15,8.63,73,4.11,62
136,Gorges du Verdon,43.7497,6.3286,0,27/01/2022,9.06,3.26,9.06,0.92,24,2.48,27
137,Gorges du Verdon,43.7497,6.3286,1,28/01/2022,11.94,3.39,9.71,1.35,33,2.44,20
138,Gorges du Verdon,43.7497,6.3286,2,29/01/2022,9.04,2.1,8.36,0.4,24,2.28,35
139,Gorges du Verdon,43.7497,6.3286,3,30/01/2022,10.57,2.26,8.57,2.26,0,1.77,34
140,Gorges du Verdon,43.7497,6.3286,4,31/01/2022,8.42,0.22,6.89,-2.11,4,2.64,53
141,Gorges du Verdon,43.7497,6.3286,5,01/02/2022,9.9,2.2,9.36,-0.57,23,2.7,29
142,Gorges du Verdon,43.7497,6.3286,6,02/02/2022,15.26,6.33,13.83,6.33,12,2.88,38
143,Gorges du Verdon,43.7497,6.3286,7,03/02/2022,10.96,4.89,9.65,4.89,6,3.25,59
144,Bormes les Mimosas,43.1572,6.3293,0,27/01/2022,11.8,8.17,10.76,6.43,52,3.04,66
145,Bormes les Mimosas,43.1572,6.3293,1,28/01/2022,11.26,8.23,10.01,6.98,25,3.38,60
146,Bormes les Mimosas,43.1572,6.3293,2,29/01/2022,11.75,8.41,10.6,6.76,35,4.3,62
147,Bormes les Mimosas,43.1572,6.3293,3,30/01/2022,11.79,8.29,10.54,8.29,0,3.0,58
148,Bormes les Mimosas,43.1572,6.3293,4,31/01/2022,11.57,7.27,10.27,3.83,1,5.86,57
149,Bormes les Mimosas,43.1572,6.3293,5,01/02/2022,11.74,9.25,10.04,8.01,14,4.87,41
150,Bormes les Mimosas,43.1572,6.3293,6,02/02/2022,13.51,9.08,12.2,7.39,7,3.02,49
151,Bormes les Mimosas,43.1572,6.3293,7,03/02/2022,12.29,10.11,11.69,9.42,97,5.17,81
152,Cassis,43.214,5.5396,0,27/01/2022,12.12,9.13,10.88,7.44,61,3.04,57
153,Cassis,43.214,5.5396,1,28/01/2022,11.43,10.31,9.46,8.88,30,4.56,32
154,Cassis,43.214,5.5396,2,29/01/2022,11.54,9.35,10.55,8.33,44,2.74,69
155,Cassis,43.214,5.5396,3,30/01/2022,11.94,10.13,10.13,8.58,0,2.95,36
156,Cassis,43.214,5.5396,4,31/01/2022,10.79,8.14,9.47,3.31,2,14.17,59
157,Cassis,43.214,5.5396,5,01/02/2022,11.26,9.63,9.59,7.55,13,9.3,44
158,Cassis,43.214,5.5396,6,02/02/2022,14.0,11.49,13.0,10.6,5,7.32,59
159,Cassis,43.214,5.5396,7,03/02/2022,14.19,12.14,13.36,11.29,16,6.38,65
160,Marseille,43.2962,5.37,0,27/01/2022,11.36,8.68,10.09,6.28,13,4.22,59
161,Marseille,43.2962,5.37,1,28/01/2022,10.39,9.9,8.5,8.2,36,6.36,39
162,Marseille,43.2962,5.37,2,29/01/2022,11.16,9.17,10.0,6.92,30,4.14,64
163,Marseille,43.2962,5.37,3,30/01/2022,11.39,10.09,9.71,8.85,0,4.69,43
164,Marseille,43.2962,5.37,4,31/01/2022,10.9,8.38,9.56,3.28,1,15.11,58
165,Marseille,43.2962,5.37,5,01/02/2022,10.62,9.08,8.99,6.11,11,11.64,48
166,Marseille,43.2962,5.37,6,02/02/2022,13.72,11.06,12.79,10.18,6,10.95,63
167,Marseille,43.2962,5.37,7,03/02/2022,13.78,12.61,12.94,11.81,6,5.99,66
168,Aix en Provence,43.5298,5.4475,0,27/01/2022,10.51,6.09,8.9,6.09,25,1.95,49
169,Aix en Provence,43.5298,5.4475,1,28/01/2022,9.94,6.44,9.59,5.09,57,3.03,35
170,Aix en Provence,43.5298,5.4475,2,29/01/2022,10.33,6.33,8.83,5.63,30,2.44,54
171,Aix en Provence,43.5298,5.4475,3,30/01/2022,10.96,7.26,9.05,7.26,0,1.86,36
172,Aix en Provence,43.5298,5.4475,4,31/01/2022,9.27,5.23,6.43,1.06,1,8.51,58
173,Aix en Provence,43.5298,5.4475,5,01/02/2022,9.77,6.32,8.47,4.93,15,4.54,42
174,Aix en Provence,43.5298,5.4475,6,02/02/2022,13.75,8.3,12.64,7.14,5,4.96,56
175,Aix en Provence,43.5298,5.4475,7,03/02/2022,13.53,10.59,12.51,9.72,6,2.46,60
176,Avignon,43.9492,4.8059,0,27/01/2022,8.93,5.85,5.95,0.86,3,9.45,47
177,Avignon,43.9492,4.8059,1,28/01/2022,9.41,6.03,4.51,0.9,63,15.49,61
178,Avignon,43.9492,4.8059,2,29/01/2022,9.1,6.61,5.99,2.44,68,9.99,44
179,Avignon,43.9492,4.8059,3,30/01/2022,12.52,8.35,11.45,4.65,4,10.76,62
180,Avignon,43.9492,4.8059,4,31/01/2022,10.6,6.28,9.1,1.16,6,10.52,53
181,Avignon,43.9492,4.8059,5,01/02/2022,9.0,7.51,4.32,2.29,43,13.31,56
182,Avignon,43.9492,4.8059,6,02/02/2022,13.21,9.68,12.26,5.31,20,13.91,64
183,Avignon,43.9492,4.8059,7,03/02/2022,13.83,9.99,12.81,9.99,18,7.93,59
184,Uzes,44.0121,4.4197,0,27/01/2022,8.93,2.68,5.98,-1.17,48,5.82,35
185,Uzes,44.0121,4.4197,1,28/01/2022,11.31,6.23,9.85,1.93,72,12.66,52
186,Uzes,44.0121,4.4197,2,29/01/2022,8.62,3.92,5.25,1.17,59,7.33,43
187,Uzes,44.0121,4.4197,3,30/01/2022,14.11,7.56,12.91,4.63,6,8.23,51
188,Uzes,44.0121,4.4197,4,31/01/2022,10.79,5.37,9.15,1.52,8,7.24,47
189,Uzes,44.0121,4.4197,5,01/02/2022,10.46,7.07,8.71,2.75,35,11.09,44
190,Uzes,44.0121,4.4197,6,02/02/2022,15.85,9.27,14.82,5.76,9,10.75,51
191,Uzes,44.0121,4.4197,7,03/02/2022,12.67,8.04,11.72,8.04,16,5.93,66
192,Nimes,43.8374,4.3601,0,27/01/2022,9.57,4.35,7.14,0.97,4,5.22,40
193,Nimes,43.8374,4.3601,1,28/01/2022,12.06,7.09,10.57,3.24,45,12.11,48
194,Nimes,43.8374,4.3601,2,29/01/2022,9.59,5.42,6.5,2.86,35,7.21,40
195,Nimes,43.8374,4.3601,3,30/01/2022,14.81,8.58,13.63,5.92,2,6.86,49
196,Nimes,43.8374,4.3601,4,31/01/2022,11.27,6.54,9.65,3.35,4,5.24,46
197,Nimes,43.8374,4.3601,5,01/02/2022,11.4,8.08,9.64,4.21,34,10.2,40
198,Nimes,43.8374,4.3601,6,02/02/2022,16.71,10.39,15.69,9.13,7,9.86,48
199,Nimes,43.8374,4.3601,7,03/02/2022,13.18,8.95,12.28,8.95,18,5.65,66
200,Aigues Mortes,43.5658,4.1913,0,27/01/2022,9.5,7.07,7.94,4.76,3,4.39,49
201,Aigues Mortes,43.5658,4.1913,1,28/01/2022,12.91,8.35,11.51,5.33,37,10.75,48
202,Aigues Mortes,43.5658,4.1913,2,29/01/2022,10.09,7.83,8.23,5.72,23,6.5,41
203,Aigues Mortes,43.5658,4.1913,3,30/01/2022,13.59,9.98,12.44,7.57,0,4.99,55
204,Aigues Mortes,43.5658,4.1913,4,31/01/2022,11.3,8.13,9.84,4.67,2,7.51,52
205,Aigues Mortes,43.5658,4.1913,5,01/02/2022,12.1,9.26,10.46,6.5,43,9.04,42
206,Aigues Mortes,43.5658,4.1913,6,02/02/2022,16.75,11.77,15.76,10.62,3,8.48,49
207,Aigues Mortes,43.5658,4.1913,7,03/02/2022,11.54,10.43,10.73,9.85,33,6.88,76
208,Saintes Maries de la mer,43.4523,4.4287,0,27/01/2022,9.79,6.96,6.69,3.23,63,8.96,41
209,Saintes Maries de la mer,43.4523,4.4287,1,28/01/2022,12.45,9.13,11.13,4.6,42,13.02,53
210,Saintes Maries de la mer,43.4523,4.4287,2,29/01/2022,10.41,7.91,8.63,4.79,21,12.59,43
211,Saintes Maries de la mer,43.4523,4.4287,3,30/01/2022,13.66,10.92,12.6,9.76,0,7.93,58
212,Saintes Maries de la mer,43.4523,4.4287,4,31/01/2022,10.82,7.95,9.39,4.26,5,7.48,55
213,Saintes Maries de la mer,43.4523,4.4287,5,01/02/2022,11.07,9.82,9.54,6.14,37,12.77,50
214,Saintes Maries de la mer,43.4523,4.4287,6,02/02/2022,16.26,12.29,15.33,11.19,4,11.43,53
215,Saintes Maries de la mer,43.4523,4.4287,7,03/02/2022,12.26,11.71,11.47,11.1,21,9.63,74
216,Collioure,42.5251,3.0832,0,27/01/2022,15.17,8.92,13.68,6.16,1,5.21,36
217,Collioure,42.5251,3.0832,1,28/01/2022,15.79,11.17,14.26,9.78,46,10.39,32
218,Collioure,42.5251,3.0832,2,29/01/2022,14.29,9.17,12.85,7.3,9,8.69,41
219,Collioure,42.5251,3.0832,3,30/01/2022,14.94,9.8,13.48,8.13,0,3.54,38
220,Collioure,42.5251,3.0832,4,31/01/2022,13.32,9.38,12.22,4.84,20,12.83,58
221,Collioure,42.5251,3.0832,5,01/02/2022,13.18,11.78,11.68,10.37,21,13.62,43
222,Collioure,42.5251,3.0832,6,02/02/2022,16.67,12.25,15.7,11.25,1,12.07,50
223,Collioure,42.5251,3.0832,7,03/02/2022,12.86,10.05,12.11,9.25,22,3.79,73
224,Carcassonne,43.213,2.3491,0,27/01/2022,12.19,4.13,10.85,0.67,0,5.27,53
225,Carcassonne,43.213,2.3491,1,28/01/2022,9.2,5.06,5.99,1.75,19,6.77,50
226,Carcassonne,43.213,2.3491,2,29/01/2022,10.82,4.64,9.26,1.76,45,4.93,50
227,Carcassonne,43.213,2.3491,3,30/01/2022,10.78,6.13,9.66,3.87,0,5.56,67
228,Carcassonne,43.213,2.3491,4,31/01/2022,9.72,7.42,5.87,3.53,77,9.86,73
229,Carcassonne,43.213,2.3491,5,01/02/2022,8.21,5.95,3.74,1.45,86,10.45,69
230,Carcassonne,43.213,2.3491,6,02/02/2022,11.39,6.96,10.52,4.88,12,6.47,74
231,Carcassonne,43.213,2.3491,7,03/02/2022,12.71,8.42,11.68,7.93,41,3.58,63
232,Ariege,42.9455,1.4066,0,27/01/2022,5.56,-1.9,4.46,-4.81,1,2.52,40
233,Ariege,42.9455,1.4066,1,28/01/2022,5.52,-1.17,3.88,-3.9,19,2.42,44
234,Ariege,42.9455,1.4066,2,29/01/2022,6.59,-0.98,5.57,-3.43,47,2.15,48
235,Ariege,42.9455,1.4066,3,30/01/2022,6.22,0.0,5.06,-2.1,0,2.07,56
236,Ariege,42.9455,1.4066,4,31/01/2022,1.98,0.44,-1.23,-1.17,99,3.13,89
237,Ariege,42.9455,1.4066,5,01/02/2022,3.29,0.85,0.55,0.85,40,2.88,61
238,Ariege,42.9455,1.4066,6,02/02/2022,7.41,2.67,7.41,0.21,8,2.43,67
239,Ariege,42.9455,1.4066,7,03/02/2022,8.87,2.09,8.31,0.53,74,3.17,59
240,Toulouse,43.6045,1.4442,0,27/01/2022,8.21,3.7,7.02,1.6,0,3.19,71
241,Toulouse,43.6045,1.4442,1,28/01/2022,7.9,4.78,5.73,2.23,34,3.91,55
242,Toulouse,43.6045,1.4442,2,29/01/2022,9.19,4.87,7.86,3.39,9,2.9,51
243,Toulouse,43.6045,1.4442,3,30/01/2022,9.55,7.7,8.31,6.11,0,3.02,70
244,Toulouse,43.6045,1.4442,4,31/01/2022,8.71,6.82,5.52,3.85,58,6.64,74
245,Toulouse,43.6045,1.4442,5,01/02/2022,8.11,5.59,4.64,3.29,80,6.59,65
246,Toulouse,43.6045,1.4442,6,02/02/2022,9.61,6.62,8.93,5.71,17,2.92,77
247,Toulouse,43.6045,1.4442,7,03/02/2022,12.41,8.87,11.06,8.18,62,3.6,52
248,Montauban,44.0176,1.355,0,27/01/2022,7.48,3.08,6.3,1.04,0,2.94,57
249,Montauban,44.0176,1.355,1,28/01/2022,7.51,4.58,5.73,2.39,38,3.47,62
250,Montauban,44.0176,1.355,2,29/01/2022,8.42,4.73,7.27,3.03,11,2.86,54
251,Montauban,44.0176,1.355,3,30/01/2022,9.47,7.84,8.46,6.26,0,2.5,73
252,Montauban,44.0176,1.355,4,31/01/2022,8.86,5.99,5.93,3.02,40,5.64,71
253,Montauban,44.0176,1.355,5,01/02/2022,7.53,4.42,4.15,2.1,45,5.89,66
254,Montauban,44.0176,1.355,6,02/02/2022,8.15,6.37,6.94,5.23,68,2.81,84
255,Montauban,44.0176,1.355,7,03/02/2022,12.49,8.59,11.36,8.16,69,3.49,60
256,Biarritz,43.4711,-1.5527,0,27/01/2022,10.26,5.37,9.25,5.37,18,2.35,73
257,Biarritz,43.4711,-1.5527,1,28/01/2022,7.74,5.31,6.93,4.52,6,1.96,60
258,Biarritz,43.4711,-1.5527,2,29/01/2022,9.31,5.45,8.47,3.5,24,2.42,68
259,Biarritz,43.4711,-1.5527,3,30/01/2022,9.9,9.39,8.61,9.39,2,2.64,68
260,Biarritz,43.4711,-1.5527,4,31/01/2022,10.65,8.78,9.99,5.88,100,5.47,85
261,Biarritz,43.4711,-1.5527,5,01/02/2022,7.88,6.19,6.67,6.19,51,4.07,72
262,Biarritz,43.4711,-1.5527,6,02/02/2022,10.39,7.85,9.13,5.23,0,4.81,63
263,Biarritz,43.4711,-1.5527,7,03/02/2022,13.17,9.52,12.34,8.21,99,3.8,69
264,Bayonne,43.4933,-1.4751,0,27/01/2022,10.63,4.82,9.65,3.93,17,2.21,73
265,Bayonne,43.4933,-1.4751,1,28/01/2022,8.22,4.96,7.75,4.0,6,1.83,58
266,Bayonne,43.4933,-1.4751,2,29/01/2022,9.88,5.18,9.09,3.29,28,2.3,66
267,Bayonne,43.4933,-1.4751,3,30/01/2022,10.43,9.26,9.28,9.26,2,2.62,67
268,Bayonne,43.4933,-1.4751,4,31/01/2022,11.1,8.84,10.46,6.22,100,4.79,84
269,Bayonne,43.4933,-1.4751,5,01/02/2022,8.41,5.91,7.15,5.91,41,3.17,71
270,Bayonne,43.4933,-1.4751,6,02/02/2022,10.73,7.56,9.5,4.99,0,4.79,63
271,Bayonne,43.4933,-1.4751,7,03/02/2022,13.48,9.32,12.69,8.13,100,4.04,69
272,La Rochelle,46.1591,-1.152,0,27/01/2022,0.31,4.1,-3.68,1.61,81,5.13,93
273,La Rochelle,46.1591,-1.152,1,28/01/2022,9.41,6.21,8.36,3.84,48,3.69,83
274,La Rochelle,46.1591,-1.152,2,29/01/2022,8.9,7.82,8.24,6.2,54,3.03,81
275,La Rochelle,46.1591,-1.152,3,30/01/2022,9.52,7.08,8.99,4.41,91,4.01,84
276,La Rochelle,46.1591,-1.152,4,31/01/2022,8.5,6.88,5.45,2.83,83,7.9,83
277,La Rochelle,46.1591,-1.152,5,01/02/2022,8.51,8.14,6.14,5.53,43,5.89,81
278,La Rochelle,46.1591,-1.152,6,02/02/2022,8.72,7.58,7.34,5.09,90,3.92,91
279,La Rochelle,46.1591,-1.152,7,03/02/2022,9.84,9.9,7.19,6.34,99,8.81,88
